{
  "project_info": {
    "project_number": "237516891639",
    "firebase_url": "https://i3connect-cc6aa.firebaseio.com",
    "project_id": "i3connect-cc6aa",
    "storage_bucket": "i3connect-cc6aa.appspot.com"
  },
  "client": [
    {
      "client_info": {
        "mobilesdk_app_id": "1:237516891639:android:4acbf749ac8da0e6237af2",
        "android_client_info": {
          "package_name": "com.i3AdvancedTech.i3connect"
        }
      },
      "oauth_client": [
        {
          "client_id": "237516891639-q4uks18lju2pbdtenfe4lvl0nljovdj2.apps.googleusercontent.com",
          "client_type": 3
        }
      ],
      "api_key": [
        {
          "current_key": "AIzaSyDQKxsLIIRXcH6OTGunW1t_i5Jp8yaRv8I"
        }
      ],
      "services": {
        "appinvite_service": {
          "other_platform_oauth_client": [
            {
              "client_id": "237516891639-q4uks18lju2pbdtenfe4lvl0nljovdj2.apps.googleusercontent.com",
              "client_type": 3
            }
          ]
        }
      }
    }
  ],
  "configuration_version": "1"
}